id_resposta;data_resposta;cidade;idade;canal_atendimento;nota_satisfacao;nota_atendimento;nota_preco;recomendaria;tempo_cliente_meses;comentario;tema_comentario;sentimento_comentario
21;2026-05-09;Brasília;26;Loja física;3.0;3;2;Não;53;Muito satisfeito com a solução.;Solução satisfatória;Positivo
387;2026-04-20;Porto Alegre;56;Chat;5.0;5;1;Não;45;Poderia melhorar o prazo de resposta.;Prazo de resposta;Negativo
179;2026-05-03;Belo Horizonte;52;Chat;3.0;3;2;Não;85;Preço alto comparado à concorrência.;Preço alto;Negativo
199;2026-05-04;Fortaleza;25;WhatsApp;5.0;5;3;Sim;7;Preço alto comparado à concorrência.;Preço alto;Negativo
90;2026-05-01;São Paulo;66;WhatsApp;2.0;2;3;Não;24;Ótima experiência do início ao fim.;Experiência excelente;Positivo
118;2026-05-18;Curitiba;59;WhatsApp;5.0;5;3;Não;84;Tudo certo.;Tudo certo;Neutro
260;2026-04-25;Recife;42;Loja física;4.0;4;4;Sim;2;Produto bom, mas a entrega atrasou.;Entrega atrasada;Negativo
160;2026-04-10;Brasília;71;Telefone;4.0;5;4;Não;17;Ótima experiência do início ao fim.;Experiência excelente;Positivo
33;2026-05-12;Fortaleza;71;Chat;4.0;4;3;Sim;68;Atendimento excelente, resolveram rápido.;Resolução rápida;Positivo
400;2026-05-14;Recife;48;Telefone;;4;5;Sim;94;Atendente foi educado mas não resolveu meu problema.;Resolução não concluída;Negativo
224;2026-05-21;Belo Horizonte;18;Chat;5.0;5;1;Sim;23;Ótima experiência do início ao fim.;Experiência excelente;Positivo
397;2026-05-28;Porto Alegre;44;E-mail;4.0;3;3;Sim;44;Tudo certo.;Tudo certo;Neutro
379;2026-05-10;Rio de Janeiro;73;E-mail;4.0;5;4;Sim;57;Atendente foi educado mas não resolveu meu problema.;Resolução não concluída;Negativo
333;2026-05-28;Curitiba;51;WhatsApp;5.0;5;2;Sim;19;Preço alto comparado à concorrência.;Preço alto;Negativo
164;2026-05-05;Fortaleza;73;Loja física;5.0;5;5;Sim;67;Demorou demais para me atenderem.;Demora no atendimento;Negativo
285;2026-05-16;Rio de Janeiro;46;Chat;3.0;4;5;Sim;91;Demorou demais para me atenderem.;Demora no atendimento;Negativo
85;2026-05-15;São Paulo;32;Chat;5.0;5;1;Não;10;;Sem comentário;Sem comentário
120;2026-05-15;Brasília;44;E-mail;3.0;3;2;Sim;13;Poderia melhorar o prazo de resposta.;Prazo de resposta;Negativo
308;2026-04-23;Porto Alegre;28;Telefone;3.0;3;2;Não;11;Atendente foi educado mas não resolveu meu problema.;Resolução não concluída;Negativo
183;2026-04-13;Belo Horizonte;61;Chat;4.0;4;3;Sim;74;Produto bom, mas a entrega atrasou.;Entrega atrasada;Negativo
130;2026-05-20;Campinas;51;WhatsApp;5.0;5;2;Não;13;Demorou demais para me atenderem.;Demora no atendimento;Negativo
194;2026-04-03;Campinas;27;Loja física;5.0;5;3;Não;44;Ótima experiência do início ao fim.;Experiência excelente;Positivo
323;2026-04-20;Belo Horizonte;25;E-mail;3.0;4;3;Sim;64;Atendente foi educado mas não resolveu meu problema.;Resolução não concluída;Negativo
339;2026-04-02;Belo Horizonte;23;Chat;5.0;5;2;Sim;87;Preço alto comparado à concorrência.;Preço alto;Negativo
226;2026-04-11;Porto Alegre;42;WhatsApp;3.0;2;5;Não;39;Ótima experiência do início ao fim.;Experiência excelente;Positivo
151;2026-04-19;Brasília;22;WhatsApp;4.0;5;2;Sim;48;Preço alto comparado à concorrência.;Preço alto;Negativo
171;2026-05-10;Campinas;40;Loja física;4.0;4;3;Sim;86;Demorou demais para me atenderem.;Demora no atendimento;Negativo
322;2026-05-03;Recife;64;Telefone;5.0;5;5;Não;15;Poderia melhorar o prazo de resposta.;Prazo de resposta;Negativo
237;2026-04-05;São Paulo;37;Loja física;2.0;3;3;Não;32;Poderia melhorar o prazo de resposta.;Prazo de resposta;Negativo
6;2026-05-28;Curitiba;63;Telefone;3.0;2;3;Não;11;Muito satisfeito com a solução.;Solução satisfatória;Positivo
110;2026-05-28;Curitiba;42;Chat;5.0;5;4;Sim;38;Atendimento excelente, resolveram rápido.;Resolução rápida;Positivo
406;2026-04-21;Rio de Janeiro;44;WhatsApp;5.0;4;3;Não;61;Produto bom, mas a entrega atrasou.;Entrega atrasada;Negativo
166;2026-04-12;São Paulo;43;Chat;4.0;3;3;Sim;48;Muito satisfeito com a solução.;Solução satisfatória;Positivo
193;2026-05-17;Porto Alegre;30;Chat;4.0;5;1;Não;79;Não recomendo o suporte por telefone.;Suporte por telefone;Negativo
13;2026-05-15;São Paulo;61;Loja física;4.0;2;1;Sim;44;Demorou demais para me atenderem.;Demora no atendimento;Negativo
287;2026-05-18;Curitiba;69;E-mail;3.0;4;3;Sim;56;Tudo certo.;Tudo certo;Neutro
189;2026-05-18;Brasília;;Telefone;5.0;5;1;Não;92;Poderia melhorar o prazo de resposta.;Prazo de resposta;Negativo
350;2026-04-25;Recife;40;E-mail;2.0;3;5;Não;90;Atendente foi educado mas não resolveu meu problema.;Resolução não concluída;Negativo
228;2026-05-13;Rio de Janeiro;58;Chat;3.0;3;4;Sim;18;Poderia melhorar o prazo de resposta.;Prazo de resposta;Negativo
295;2026-05-14;Fortaleza;49;Telefone;3.0;4;4;Sim;38;Atendimento excelente, resolveram rápido.;Resolução rápida;Positivo
3;2026-05-23;Fortaleza;55;Telefone;5.0;5;2;Sim;90;Tudo certo.;Tudo certo;Neutro
26;2026-04-13;Porto Alegre;68;Chat;5.0;5;3;Sim;72;;Sem comentário;Sem comentário
244;2026-04-14;Recife;29;WhatsApp;3.0;3;2;Sim;39;Produto bom, mas a entrega atrasou.;Entrega atrasada;Negativo
68;2026-04-26;São Paulo;40;WhatsApp;4.0;5;4;Sim;65;;Sem comentário;Sem comentário
416;2026-05-19;Fortaleza;;WhatsApp;2.0;2;2;Sim;94;Produto bom, mas a entrega atrasou.;Entrega atrasada;Negativo
56;2026-05-08;Rio de Janeiro;63;E-mail;4.0;5;5;Não;70;Demorou demais para me atenderem.;Demora no atendimento;Negativo
399;2026-04-02;Porto Alegre;31;Loja física;2.0;2;3;Não;17;Ótima experiência do início ao fim.;Experiência excelente;Positivo
25;2026-04-21;Curitiba;28;WhatsApp;4.0;5;1;Não;8;Produto bom, mas a entrega atrasou.;Entrega atrasada;Negativo
304;2026-05-24;Salvador;47;Chat;5.0;5;3;Sim;12;Poderia melhorar o prazo de resposta.;Prazo de resposta;Negativo
343;2026-04-26;Salvador;25;WhatsApp;;4;4;Não;56;Tudo certo.;Tudo certo;Neutro
8;2026-04-23;Belo Horizonte;52;E-mail;4.0;4;1;Não;82;Não recomendo o suporte por telefone.;Suporte por telefone;Negativo
78;2026-04-04;Curitiba;41;Chat;;4;2;Não;17;Preço alto comparado à concorrência.;Preço alto;Negativo
276;2026-05-24;Curitiba;38;Chat;5.0;5;2;Não;47;Demorou demais para me atenderem.;Demora no atendimento;Negativo
414;2026-04-24;Salvador;29;WhatsApp;5.0;5;3;Não;35;Tudo certo.;Tudo certo;Neutro
147;2026-05-13;Salvador;32;E-mail;2.0;2;3;Não;66;Muito satisfeito com a solução.;Solução satisfatória;Positivo
54;2026-05-18;Campinas;70;WhatsApp;5.0;4;4;Não;58;Produto bom, mas a entrega atrasou.;Entrega atrasada;Negativo
284;2026-05-10;Rio de Janeiro;71;Chat;3.0;3;2;Não;27;Não recomendo o suporte por telefone.;Suporte por telefone;Negativo
268;2026-05-05;Salvador;24;Telefone;3.0;3;2;Não;47;Preço alto comparado à concorrência.;Preço alto;Negativo
412;2026-04-15;Belo Horizonte;73;Chat;5.0;4;5;Sim;41;Tudo certo.;Tudo certo;Neutro
301;2026-04-09;Porto Alegre;36;Chat;4.0;4;3;Não;87;Demorou demais para me atenderem.;Demora no atendimento;Negativo
132;2026-04-24;Recife;38;Chat;5.0;5;2;Sim;61;Demorou demais para me atenderem.;Demora no atendimento;Negativo
270;2026-05-03;Rio de Janeiro;;Chat;3.0;4;2;Sim;38;Tudo certo.;Tudo certo;Neutro
67;2026-04-13;Campinas;62;Telefone;4.0;3;3;Não;88;Ótima experiência do início ao fim.;Experiência excelente;Positivo
341;2026-04-04;São Paulo;21;E-mail;4.0;4;3;Não;48;;Sem comentário;Sem comentário
29;2026-04-03;Curitiba;43;Loja física;3.0;3;4;Não;6;Ótima experiência do início ao fim.;Experiência excelente;Positivo
206;2026-05-20;São Paulo;20;E-mail;4.0;4;4;Não;67;Poderia melhorar o prazo de resposta.;Prazo de resposta;Negativo
346;2026-05-03;Belo Horizonte;44;Loja física;5.0;4;1;Não;3;Tudo certo.;Tudo certo;Neutro
161;2026-04-13;Belo Horizonte;;E-mail;4.0;3;1;Sim;53;Atendente foi educado mas não resolveu meu problema.;Resolução não concluída;Negativo
70;2026-05-06;Brasília;67;WhatsApp;4.0;4;5;Sim;76;Preço alto comparado à concorrência.;Preço alto;Negativo
262;2026-05-16;Rio de Janeiro;61;Loja física;4.0;4;4;Sim;23;Atendente foi educado mas não resolveu meu problema.;Resolução não concluída;Negativo
182;2026-04-01;Fortaleza;20;Telefone;5.0;3;2;Sim;47;Atendente foi educado mas não resolveu meu problema.;Resolução não concluída;Negativo
265;2026-04-02;Curitiba;71;Chat;4.0;3;2;Não;77;Tudo certo.;Tudo certo;Neutro
184;2026-05-17;Salvador;59;E-mail;3.0;3;3;Sim;95;Produto bom, mas a entrega atrasou.;Entrega atrasada;Negativo
313;2026-04-01;Salvador;64;E-mail;3.0;4;3;Não;88;Poderia melhorar o prazo de resposta.;Prazo de resposta;Negativo
319;2026-04-25;Campinas;22;Chat;4.0;5;3;Sim;51;Não recomendo o suporte por telefone.;Suporte por telefone;Negativo
233;2026-05-02;Porto Alegre;64;WhatsApp;4.0;3;4;Sim;96;Muito satisfeito com a solução.;Solução satisfatória;Positivo
115;2026-05-27;Salvador;69;WhatsApp;4.0;4;2;Sim;29;;Sem comentário;Sem comentário
354;2026-04-05;Brasília;73;Telefone;3.0;4;1;Sim;51;Ótima experiência do início ao fim.;Experiência excelente;Positivo
213;2026-05-17;Belo Horizonte;47;Chat;5.0;5;1;Sim;93;;Sem comentário;Sem comentário
200;2026-05-13;Belo Horizonte;70;Loja física;3.0;3;3;Sim;21;Poderia melhorar o prazo de resposta.;Prazo de resposta;Negativo
181;2026-05-14;São Paulo;22;Chat;5.0;4;4;Sim;87;Produto bom, mas a entrega atrasou.;Entrega atrasada;Negativo
71;2026-04-11;Porto Alegre;74;E-mail;4.0;5;4;Não;79;;Sem comentário;Sem comentário
38;2026-05-02;Brasília;27;E-mail;;4;5;Não;6;Atendente foi educado mas não resolveu meu problema.;Resolução não concluída;Negativo
142;2026-05-08;São Paulo;18;Chat;5.0;5;5;Sim;33;Preço alto comparado à concorrência.;Preço alto;Negativo
391;2026-05-13;Belo Horizonte;64;WhatsApp;5.0;5;3;Não;54;Tudo certo.;Tudo certo;Neutro
315;2026-04-26;Porto Alegre;59;E-mail;5.0;5;5;Não;93;Ótima experiência do início ao fim.;Experiência excelente;Positivo
236;2026-04-13;Brasília;26;Telefone;4.0;3;5;Não;51;Não recomendo o suporte por telefone.;Suporte por telefone;Negativo
31;2026-05-08;Belo Horizonte;60;WhatsApp;4.0;5;2;Sim;2;Poderia melhorar o prazo de resposta.;Prazo de resposta;Negativo
402;2026-05-04;Campinas;37;Telefone;4.0;4;3;Não;38;Poderia melhorar o prazo de resposta.;Prazo de resposta;Negativo
69;2026-04-11;Fortaleza;24;Chat;2.0;1;4;Sim;20;Tudo certo.;Tudo certo;Neutro
254;2026-04-18;São Paulo;71;Telefone;5.0;5;3;Não;18;;Sem comentário;Sem comentário
280;2026-05-13;São Paulo;68;Loja física;3.0;4;3;Sim;14;Muito satisfeito com a solução.;Solução satisfatória;Positivo
371;2026-05-18;Curitiba;48;Telefone;4.0;4;4;Sim;5;Não recomendo o suporte por telefone.;Suporte por telefone;Negativo
41;2026-04-09;Rio de Janeiro;42;WhatsApp;5.0;4;5;Não;45;Preço alto comparado à concorrência.;Preço alto;Negativo
18;2026-05-17;Brasília;66;Chat;3.0;2;4;Sim;84;Atendente foi educado mas não resolveu meu problema.;Resolução não concluída;Negativo
375;2026-05-19;Recife;27;Loja física;5.0;4;5;Sim;14;Ótima experiência do início ao fim.;Experiência excelente;Positivo
283;2026-05-12;Campinas;62;E-mail;4.0;5;2;Sim;62;Demorou demais para me atenderem.;Demora no atendimento;Negativo
291;2026-05-27;Campinas;23;Chat;4.0;3;1;Não;15;Produto bom, mas a entrega atrasou.;Entrega atrasada;Negativo
241;2026-04-10;Campinas;38;Loja física;4.0;3;1;Não;31;Preço alto comparado à concorrência.;Preço alto;Negativo
413;2026-04-24;São Paulo;18;E-mail;5.0;5;4;Não;80;Preço alto comparado à concorrência.;Preço alto;Negativo
393;2026-05-21;Salvador;50;E-mail;2.0;2;2;Sim;38;Demorou demais para me atenderem.;Demora no atendimento;Negativo
143;2026-04-11;Fortaleza;65;E-mail;3.0;4;4;Não;91;Muito satisfeito com a solução.;Solução satisfatória;Positivo
101;2026-05-11;Recife;42;WhatsApp;3.0;3;4;Sim;65;Ótima experiência do início ao fim.;Experiência excelente;Positivo
245;2026-05-26;Brasília;44;Loja física;4.0;3;4;Não;32;Preço alto comparado à concorrência.;Preço alto;Negativo
238;2026-04-12;Curitiba;74;Telefone;4.0;4;3;Não;79;Atendimento excelente, resolveram rápido.;Resolução rápida;Positivo
42;2026-04-27;São Paulo;60;WhatsApp;2.0;2;5;Não;45;;Sem comentário;Sem comentário
177;2026-04-25;Salvador;73;Chat;4.0;3;4;Não;56;Tudo certo.;Tudo certo;Neutro
30;2026-05-03;Campinas;54;Chat;4.0;4;4;Sim;86;Atendente foi educado mas não resolveu meu problema.;Resolução não concluída;Negativo
395;2026-05-08;Porto Alegre;44;Chat;5.0;4;2;Não;60;Demorou demais para me atenderem.;Demora no atendimento;Negativo
359;2026-05-03;São Paulo;34;E-mail;5.0;5;1;Não;33;Demorou demais para me atenderem.;Demora no atendimento;Negativo
415;2026-05-23;Belo Horizonte;25;Telefone;3.0;2;2;Sim;14;Tudo certo.;Tudo certo;Neutro
299;2026-04-12;Rio de Janeiro;67;E-mail;5.0;5;3;Não;89;Atendente foi educado mas não resolveu meu problema.;Resolução não concluída;Negativo
231;2026-04-17;Brasília;27;Chat;3.0;4;2;Não;15;;Sem comentário;Sem comentário
250;2026-05-04;Curitiba;41;WhatsApp;;3;1;Sim;95;Produto bom, mas a entrega atrasou.;Entrega atrasada;Negativo
286;2026-05-01;Rio de Janeiro;61;E-mail;3.0;2;4;Não;21;Atendente foi educado mas não resolveu meu problema.;Resolução não concluída;Negativo
66;2026-04-20;Porto Alegre;24;Telefone;4.0;3;3;Não;87;Tudo certo.;Tudo certo;Neutro
176;2026-04-07;São Paulo;38;Loja física;2.0;1;3;Não;33;Atendimento excelente, resolveram rápido.;Resolução rápida;Positivo
156;2026-05-03;Brasília;61;Chat;4.0;4;4;Sim;78;Produto bom, mas a entrega atrasou.;Entrega atrasada;Negativo
187;2026-04-12;Brasília;36;E-mail;4.0;4;3;Sim;82;Produto bom, mas a entrega atrasou.;Entrega atrasada;Negativo
95;2026-05-23;São Paulo;;E-mail;5.0;4;5;Não;71;Atendimento excelente, resolveram rápido.;Resolução rápida;Positivo
173;2026-05-21;Porto Alegre;65;Chat;4.0;3;3;Não;31;;Sem comentário;Sem comentário
11;2026-05-18;Campinas;45;WhatsApp;3.0;4;3;Sim;66;Poderia melhorar o prazo de resposta.;Prazo de resposta;Negativo
377;2026-05-20;Belo Horizonte;35;E-mail;4.0;4;3;Sim;89;Tudo certo.;Tudo certo;Neutro
195;2026-04-02;São Paulo;59;Chat;4.0;5;3;Não;54;Ótima experiência do início ao fim.;Experiência excelente;Positivo
347;2026-05-26;Brasília;68;Chat;4.0;5;5;Não;42;Tudo certo.;Tudo certo;Neutro
232;2026-05-07;Brasília;46;WhatsApp;4.0;4;3;Não;59;Ótima experiência do início ao fim.;Experiência excelente;Positivo
4;2026-05-11;Curitiba;66;Telefone;4.0;4;2;Sim;46;Atendente foi educado mas não resolveu meu problema.;Resolução não concluída;Negativo
43;2026-05-17;Brasília;39;Telefone;3.0;3;3;Não;23;Ótima experiência do início ao fim.;Experiência excelente;Positivo
337;2026-04-05;Rio de Janeiro;28;WhatsApp;5.0;5;5;Sim;69;Atendente foi educado mas não resolveu meu problema.;Resolução não concluída;Negativo
218;2026-04-05;Campinas;33;Telefone;5.0;5;2;Não;29;;Sem comentário;Sem comentário
311;2026-05-23;Recife;62;WhatsApp;3.0;5;1;Não;12;Demorou demais para me atenderem.;Demora no atendimento;Negativo
330;2026-05-25;Rio de Janeiro;53;Telefone;5.0;5;3;Não;73;Preço alto comparado à concorrência.;Preço alto;Negativo
242;2026-04-05;Porto Alegre;35;Loja física;5.0;5;3;Sim;23;;Sem comentário;Sem comentário
229;2026-05-05;Campinas;41;Loja física;2.0;3;3;Sim;28;Muito satisfeito com a solução.;Solução satisfatória;Positivo
175;2026-05-15;Belo Horizonte;69;Telefone;3.0;3;2;Não;5;Preço alto comparado à concorrência.;Preço alto;Negativo
14;2026-05-10;Fortaleza;18;Loja física;4.0;5;3;Não;14;;Sem comentário;Sem comentário
210;2026-04-24;Fortaleza;28;Loja física;4.0;4;4;Não;19;;Sem comentário;Sem comentário
158;2026-05-18;Salvador;70;Loja física;1.0;1;5;Não;47;Atendimento excelente, resolveram rápido.;Resolução rápida;Positivo
310;2026-04-01;Rio de Janeiro;26;E-mail;4.0;5;3;Não;2;Atendimento excelente, resolveram rápido.;Resolução rápida;Positivo
277;2026-04-19;Brasília;29;Telefone;3.0;3;1;Não;91;Muito satisfeito com a solução.;Solução satisfatória;Positivo
380;2026-05-09;Rio de Janeiro;30;E-mail;2.0;2;4;Não;67;Atendente foi educado mas não resolveu meu problema.;Resolução não concluída;Negativo
162;2026-04-22;Campinas;36;E-mail;4.0;3;1;Não;61;Muito satisfeito com a solução.;Solução satisfatória;Positivo
216;2026-05-13;Belo Horizonte;36;Chat;4.0;2;3;Sim;45;Poderia melhorar o prazo de resposta.;Prazo de resposta;Negativo
109;2026-05-03;Campinas;37;Chat;3.0;2;4;Não;26;Tudo certo.;Tudo certo;Neutro
263;2026-04-01;Belo Horizonte;66;Telefone;5.0;5;3;Não;31;Ótima experiência do início ao fim.;Experiência excelente;Positivo
334;2026-04-03;Brasília;44;WhatsApp;4.0;5;4;Sim;75;Demorou demais para me atenderem.;Demora no atendimento;Negativo
36;2026-04-09;Recife;71;Telefone;;5;3;Sim;82;Preço alto comparado à concorrência.;Preço alto;Negativo
205;2026-04-22;Rio de Janeiro;43;Chat;4.0;3;5;Não;19;Muito satisfeito com a solução.;Solução satisfatória;Positivo
100;2026-05-18;Salvador;73;E-mail;4.0;5;4;Sim;53;Atendimento excelente, resolveram rápido.;Resolução rápida;Positivo
305;2026-05-21;Brasília;43;WhatsApp;4.0;5;3;Não;35;Atendente foi educado mas não resolveu meu problema.;Resolução não concluída;Negativo
363;2026-04-18;Campinas;57;Telefone;5.0;5;3;Sim;22;Ótima experiência do início ao fim.;Experiência excelente;Positivo
113;2026-05-10;Campinas;41;Telefone;3.0;3;3;Não;96;Tudo certo.;Tudo certo;Neutro
174;2026-04-21;Salvador;26;Chat;5.0;4;4;Sim;23;;Sem comentário;Sem comentário
129;2026-04-22;Fortaleza;22;Chat;3.0;3;3;Sim;17;Preço alto comparado à concorrência.;Preço alto;Negativo
190;2026-05-17;Campinas;22;Chat;3.0;2;3;Não;60;;Sem comentário;Sem comentário
392;2026-04-13;Campinas;70;Chat;4.0;3;3;Sim;88;Não recomendo o suporte por telefone.;Suporte por telefone;Negativo
302;2026-05-05;Porto Alegre;73;E-mail;5.0;5;3;Sim;42;Muito satisfeito com a solução.;Solução satisfatória;Positivo
148;2026-05-25;Belo Horizonte;33;E-mail;4.0;2;3;Sim;78;Produto bom, mas a entrega atrasou.;Entrega atrasada;Negativo
279;2026-04-22;Recife;68;Telefone;4.0;4;5;Não;62;Ótima experiência do início ao fim.;Experiência excelente;Positivo
292;2026-04-12;Recife;;E-mail;3.0;3;5;Não;24;Poderia melhorar o prazo de resposta.;Prazo de resposta;Negativo
99;2026-05-10;Campinas;60;E-mail;4.0;3;4;Não;45;Atendente foi educado mas não resolveu meu problema.;Resolução não concluída;Negativo
119;2026-04-04;São Paulo;37;Telefone;4.0;3;3;Não;18;Tudo certo.;Tudo certo;Neutro
365;2026-05-09;Curitiba;24;WhatsApp;5.0;5;4;Não;20;Atendimento excelente, resolveram rápido.;Resolução rápida;Positivo
420;2026-05-28;Belo Horizonte;22;Chat;4.0;3;3;Não;7;Não recomendo o suporte por telefone.;Suporte por telefone;Negativo
204;2026-04-02;Brasília;36;WhatsApp;5.0;5;3;Não;36;Ótima experiência do início ao fim.;Experiência excelente;Positivo
378;2026-05-02;Curitiba;21;Chat;4.0;5;4;Sim;44;Preço alto comparado à concorrência.;Preço alto;Negativo
61;2026-05-26;Belo Horizonte;71;E-mail;4.0;3;2;Não;4;Tudo certo.;Tudo certo;Neutro
409;2026-05-07;Curitiba;40;Chat;4.0;4;3;Não;64;Muito satisfeito com a solução.;Solução satisfatória;Positivo
335;2026-04-17;Recife;22;Loja física;4.0;3;4;Sim;17;Muito satisfeito com a solução.;Solução satisfatória;Positivo
152;2026-04-03;Campinas;50;WhatsApp;4.0;4;2;Sim;6;Poderia melhorar o prazo de resposta.;Prazo de resposta;Negativo
170;2026-04-15;Fortaleza;56;Telefone;3.0;3;2;Não;31;Produto bom, mas a entrega atrasou.;Entrega atrasada;Negativo
12;2026-04-03;Belo Horizonte;58;WhatsApp;3.0;4;2;Não;49;Ótima experiência do início ao fim.;Experiência excelente;Positivo
418;2026-04-17;Salvador;51;Loja física;5.0;3;3;Sim;94;Muito satisfeito com a solução.;Solução satisfatória;Positivo
201;2026-05-17;Porto Alegre;49;Telefone;5.0;4;4;Não;59;Muito satisfeito com a solução.;Solução satisfatória;Positivo
223;2026-05-21;Brasília;47;E-mail;4.0;5;1;Não;21;Poderia melhorar o prazo de resposta.;Prazo de resposta;Negativo
266;2026-05-25;Porto Alegre;68;WhatsApp;5.0;5;4;Não;49;Tudo certo.;Tudo certo;Neutro
127;2026-04-04;Fortaleza;67;Loja física;5.0;4;2;Não;65;Muito satisfeito com a solução.;Solução satisfatória;Positivo
128;2026-04-20;Brasília;37;Telefone;3.0;1;2;Não;52;Tudo certo.;Tudo certo;Neutro
257;2026-05-24;Porto Alegre;19;WhatsApp;3.0;4;4;Sim;14;Demorou demais para me atenderem.;Demora no atendimento;Negativo
58;2026-05-15;Curitiba;71;WhatsApp;3.0;3;3;Não;90;Atendimento excelente, resolveram rápido.;Resolução rápida;Positivo
131;2026-04-28;Fortaleza;74;WhatsApp;3.0;3;1;Não;52;Tudo certo.;Tudo certo;Neutro
227;2026-04-24;Salvador;62;Telefone;5.0;5;4;Não;40;Produto bom, mas a entrega atrasou.;Entrega atrasada;Negativo
329;2026-04-17;Curitiba;69;Telefone;4.0;3;5;Sim;60;Preço alto comparado à concorrência.;Preço alto;Negativo
75;2026-04-13;Campinas;41;Loja física;5.0;4;2;Não;96;Não recomendo o suporte por telefone.;Suporte por telefone;Negativo
215;2026-05-23;Fortaleza;40;Chat;4.0;3;3;Não;87;Não recomendo o suporte por telefone.;Suporte por telefone;Negativo
107;2026-04-06;Recife;57;WhatsApp;4.0;4;3;Sim;30;Poderia melhorar o prazo de resposta.;Prazo de resposta;Negativo
92;2026-05-14;Recife;70;Telefone;4.0;3;4;Não;33;Atendente foi educado mas não resolveu meu problema.;Resolução não concluída;Negativo
316;2026-04-10;Porto Alegre;31;Loja física;3.0;2;2;Sim;51;Preço alto comparado à concorrência.;Preço alto;Negativo
351;2026-04-19;Salvador;54;E-mail;3.0;3;4;Sim;64;Não recomendo o suporte por telefone.;Suporte por telefone;Negativo
5;2026-05-20;Fortaleza;52;WhatsApp;4.0;2;1;Não;81;Ótima experiência do início ao fim.;Experiência excelente;Positivo
24;2026-04-14;Fortaleza;33;WhatsApp;3.0;3;5;Não;13;Atendimento excelente, resolveram rápido.;Resolução rápida;Positivo
306;2026-05-27;Brasília;54;Loja física;4.0;4;3;Não;88;Atendimento excelente, resolveram rápido.;Resolução rápida;Positivo
271;2026-04-13;Brasília;75;Loja física;4.0;4;5;Sim;49;Produto bom, mas a entrega atrasou.;Entrega atrasada;Negativo
180;2026-05-10;Recife;28;Chat;3.0;4;2;Sim;46;Ótima experiência do início ao fim.;Experiência excelente;Positivo
2;2026-05-03;São Paulo;23;E-mail;5.0;5;3;Sim;72;Muito satisfeito com a solução.;Solução satisfatória;Positivo
217;2026-05-21;Fortaleza;31;Loja física;4.0;5;5;Não;90;Preço alto comparado à concorrência.;Preço alto;Negativo
191;2026-05-17;Brasília;58;E-mail;4.0;5;3;Sim;56;Não recomendo o suporte por telefone.;Suporte por telefone;Negativo
40;2026-04-28;Recife;19;Chat;3.0;4;4;Não;86;Muito satisfeito com a solução.;Solução satisfatória;Positivo
112;2026-05-26;Curitiba;57;E-mail;3.0;4;3;Sim;83;Atendimento excelente, resolveram rápido.;Resolução rápida;Positivo
278;2026-05-15;Rio de Janeiro;70;WhatsApp;3.0;2;2;Não;31;Preço alto comparado à concorrência.;Preço alto;Negativo
55;2026-05-24;Porto Alegre;66;Chat;5.0;4;4;Não;63;;Sem comentário;Sem comentário
105;2026-04-14;Rio de Janeiro;46;Chat;5.0;5;5;Sim;42;Atendimento excelente, resolveram rápido.;Resolução rápida;Positivo
281;2026-05-22;Campinas;20;WhatsApp;4.0;5;2;Não;56;Demorou demais para me atenderem.;Demora no atendimento;Negativo
165;2026-04-10;Porto Alegre;46;E-mail;4.0;3;5;Sim;29;Poderia melhorar o prazo de resposta.;Prazo de resposta;Negativo
106;2026-05-10;Recife;27;Loja física;4.0;5;3;Sim;24;Produto bom, mas a entrega atrasou.;Entrega atrasada;Negativo
86;2026-05-08;Campinas;60;WhatsApp;3.0;4;2;Sim;83;Produto bom, mas a entrega atrasou.;Entrega atrasada;Negativo
269;2026-04-04;Belo Horizonte;45;Loja física;3.0;3;3;Não;14;Atendimento excelente, resolveram rápido.;Resolução rápida;Positivo
376;2026-04-25;Brasília;74;WhatsApp;3.0;3;2;Sim;63;Ótima experiência do início ao fim.;Experiência excelente;Positivo
172;2026-05-17;Brasília;52;Loja física;3.0;3;4;Não;61;Atendimento excelente, resolveram rápido.;Resolução rápida;Positivo
252;2026-04-19;Brasília;59;Chat;5.0;4;5;Não;93;;Sem comentário;Sem comentário
153;2026-04-26;Campinas;48;E-mail;4.0;3;2;Não;14;Atendente foi educado mas não resolveu meu problema.;Resolução não concluída;Negativo
167;2026-05-01;Salvador;68;E-mail;;2;4;Não;90;Produto bom, mas a entrega atrasou.;Entrega atrasada;Negativo
7;2026-04-28;Porto Alegre;47;E-mail;3.0;2;5;Sim;86;Preço alto comparado à concorrência.;Preço alto;Negativo
336;2026-05-10;Recife;62;Chat;4.0;5;4;Sim;10;Muito satisfeito com a solução.;Solução satisfatória;Positivo
91;2026-05-14;Fortaleza;40;Chat;5.0;4;4;Sim;21;Atendente foi educado mas não resolveu meu problema.;Resolução não concluída;Negativo
353;2026-05-01;Curitiba;69;Chat;4.0;5;4;Não;8;Atendimento excelente, resolveram rápido.;Resolução rápida;Positivo
157;2026-04-11;Belo Horizonte;40;WhatsApp;3.0;3;3;Sim;11;Preço alto comparado à concorrência.;Preço alto;Negativo
259;2026-05-12;Campinas;33;Chat;4.0;3;2;Sim;84;;Sem comentário;Sem comentário
222;2026-05-06;São Paulo;37;Loja física;3.0;2;3;Não;37;Poderia melhorar o prazo de resposta.;Prazo de resposta;Negativo
83;2026-05-15;Recife;37;Loja física;3.0;2;5;Sim;13;Muito satisfeito com a solução.;Solução satisfatória;Positivo
369;2026-05-15;Curitiba;71;Loja física;5.0;4;4;Sim;86;Demorou demais para me atenderem.;Demora no atendimento;Negativo
72;2026-05-13;Fortaleza;72;E-mail;5.0;5;4;Não;34;Atendente foi educado mas não resolveu meu problema.;Resolução não concluída;Negativo
410;2026-05-23;Curitiba;18;Telefone;4.0;5;5;Não;86;Poderia melhorar o prazo de resposta.;Prazo de resposta;Negativo
404;2026-04-08;Belo Horizonte;31;Loja física;5.0;4;2;Sim;47;;Sem comentário;Sem comentário
88;2026-05-04;Porto Alegre;62;Chat;4.0;1;2;Não;57;Demorou demais para me atenderem.;Demora no atendimento;Negativo
358;2026-04-21;Belo Horizonte;39;E-mail;4.0;4;1;Não;22;;Sem comentário;Sem comentário
65;2026-04-08;Rio de Janeiro;54;WhatsApp;4.0;3;3;Não;22;Ótima experiência do início ao fim.;Experiência excelente;Positivo
15;2026-04-10;Salvador;66;Loja física;4.0;4;1;Não;1;Ótima experiência do início ao fim.;Experiência excelente;Positivo
408;2026-04-14;Campinas;25;Telefone;4.0;5;3;Não;26;Ótima experiência do início ao fim.;Experiência excelente;Positivo
332;2026-05-01;Curitiba;52;Telefone;3.0;2;3;Sim;85;Tudo certo.;Tudo certo;Neutro
19;2026-05-15;Curitiba;32;Chat;;5;2;Não;30;Ótima experiência do início ao fim.;Experiência excelente;Positivo
331;2026-04-24;Salvador;55;E-mail;4.0;2;3;Não;32;Produto bom, mas a entrega atrasou.;Entrega atrasada;Negativo
267;2026-05-06;Campinas;36;Telefone;4.0;4;4;Sim;49;;Sem comentário;Sem comentário
349;2026-05-17;Curitiba;28;E-mail;4.0;5;4;Não;69;Atendimento excelente, resolveram rápido.;Resolução rápida;Positivo
154;2026-04-23;Belo Horizonte;20;WhatsApp;2.0;4;3;Não;21;Atendente foi educado mas não resolveu meu problema.;Resolução não concluída;Negativo
321;2026-04-03;Brasília;38;Loja física;5.0;5;3;Sim;88;;Sem comentário;Sem comentário
104;2026-05-11;São Paulo;57;E-mail;4.0;4;4;Não;30;Demorou demais para me atenderem.;Demora no atendimento;Negativo
370;2026-05-03;Recife;66;E-mail;3.0;3;5;Não;67;Tudo certo.;Tudo certo;Neutro
155;2026-05-12;Recife;67;Loja física;;3;3;Sim;83;Atendente foi educado mas não resolveu meu problema.;Resolução não concluída;Negativo
318;2026-05-01;Belo Horizonte;42;WhatsApp;4.0;3;5;Sim;23;Poderia melhorar o prazo de resposta.;Prazo de resposta;Negativo
121;2026-05-20;São Paulo;62;E-mail;4.0;5;3;Sim;47;Demorou demais para me atenderem.;Demora no atendimento;Negativo
390;2026-05-09;Porto Alegre;59;E-mail;4.0;4;4;Sim;8;Ótima experiência do início ao fim.;Experiência excelente;Positivo
282;2026-04-01;Curitiba;50;Loja física;4.0;4;4;Não;29;Poderia melhorar o prazo de resposta.;Prazo de resposta;Negativo
145;2026-05-19;Recife;36;WhatsApp;;5;5;Não;22;Ótima experiência do início ao fim.;Experiência excelente;Positivo
45;2026-04-19;São Paulo;63;Telefone;3.0;3;2;Não;88;;Sem comentário;Sem comentário
114;2026-04-06;Brasília;74;Loja física;3.0;2;3;Não;22;Preço alto comparado à concorrência.;Preço alto;Negativo
135;2026-04-04;Fortaleza;32;Chat;4.0;4;2;Não;15;Preço alto comparado à concorrência.;Preço alto;Negativo
221;2026-04-21;São Paulo;29;E-mail;3.0;3;3;Sim;51;Poderia melhorar o prazo de resposta.;Prazo de resposta;Negativo
141;2026-04-07;Recife;25;Loja física;5.0;5;3;Sim;40;Atendimento excelente, resolveram rápido.;Resolução rápida;Positivo
94;2026-05-20;Fortaleza;66;E-mail;3.0;3;4;Sim;37;Poderia melhorar o prazo de resposta.;Prazo de resposta;Negativo
102;2026-04-11;Rio de Janeiro;51;Telefone;4.0;4;3;Não;84;Produto bom, mas a entrega atrasou.;Entrega atrasada;Negativo
211;2026-04-08;Rio de Janeiro;30;WhatsApp;2.0;3;3;Não;27;Tudo certo.;Tudo certo;Neutro
134;2026-04-22;Salvador;73;Telefone;5.0;4;2;Não;40;Atendente foi educado mas não resolveu meu problema.;Resolução não concluída;Negativo
80;2026-05-16;Salvador;29;Chat;4.0;3;4;Não;15;Demorou demais para me atenderem.;Demora no atendimento;Negativo
411;2026-04-05;Rio de Janeiro;64;Chat;3.0;2;3;Não;38;Preço alto comparado à concorrência.;Preço alto;Negativo
116;2026-05-24;Salvador;23;Telefone;4.0;3;1;Sim;59;Atendente foi educado mas não resolveu meu problema.;Resolução não concluída;Negativo
290;2026-05-11;Recife;55;Chat;4.0;5;5;Não;80;Produto bom, mas a entrega atrasou.;Entrega atrasada;Negativo
396;2026-04-16;Campinas;;Telefone;5.0;4;3;Sim;65;Demorou demais para me atenderem.;Demora no atendimento;Negativo
207;2026-04-05;Campinas;38;WhatsApp;4.0;4;2;Sim;39;Ótima experiência do início ao fim.;Experiência excelente;Positivo
185;2026-05-16;Rio de Janeiro;34;WhatsApp;5.0;5;3;Não;37;Poderia melhorar o prazo de resposta.;Prazo de resposta;Negativo
328;2026-04-14;Curitiba;44;Chat;4.0;3;3;Não;48;Demorou demais para me atenderem.;Demora no atendimento;Negativo
275;2026-04-14;Salvador;56;WhatsApp;5.0;5;2;Não;41;Preço alto comparado à concorrência.;Preço alto;Negativo
243;2026-05-22;Fortaleza;21;WhatsApp;4.0;4;2;Não;90;Tudo certo.;Tudo certo;Neutro
338;2026-04-25;Porto Alegre;47;Telefone;4.0;5;2;Sim;39;Ótima experiência do início ao fim.;Experiência excelente;Positivo
10;2026-05-23;Fortaleza;43;E-mail;4.0;4;3;Sim;96;Não recomendo o suporte por telefone.;Suporte por telefone;Negativo
46;2026-05-07;Rio de Janeiro;60;Loja física;5.0;4;3;Sim;93;Preço alto comparado à concorrência.;Preço alto;Negativo
298;2026-04-18;Rio de Janeiro;65;Chat;4.0;5;4;Sim;58;Preço alto comparado à concorrência.;Preço alto;Negativo
355;2026-05-04;Salvador;26;WhatsApp;5.0;4;3;Não;84;Atendente foi educado mas não resolveu meu problema.;Resolução não concluída;Negativo
37;2026-05-06;Recife;53;Telefone;4.0;4;1;Sim;20;Não recomendo o suporte por telefone.;Suporte por telefone;Negativo
49;2026-05-14;Fortaleza;46;Loja física;4.0;5;2;Sim;22;;Sem comentário;Sem comentário
146;2026-05-15;Recife;72;E-mail;4.0;5;1;Não;68;Demorou demais para me atenderem.;Demora no atendimento;Negativo
123;2026-04-22;Campinas;19;Chat;4.0;4;3;Sim;73;Muito satisfeito com a solução.;Solução satisfatória;Positivo
307;2026-04-02;Fortaleza;19;E-mail;3.0;3;4;Sim;55;Muito satisfeito com a solução.;Solução satisfatória;Positivo
345;2026-04-05;Campinas;57;Chat;4.0;5;2;Não;62;Atendimento excelente, resolveram rápido.;Resolução rápida;Positivo
314;2026-04-28;Rio de Janeiro;26;Loja física;3.0;2;4;Não;55;Atendente foi educado mas não resolveu meu problema.;Resolução não concluída;Negativo
198;2026-05-05;Salvador;64;WhatsApp;3.0;3;3;Não;66;Não recomendo o suporte por telefone.;Suporte por telefone;Negativo
258;2026-04-17;Curitiba;57;Chat;3.0;4;4;Não;51;Demorou demais para me atenderem.;Demora no atendimento;Negativo
140;2026-04-25;Rio de Janeiro;35;WhatsApp;4.0;5;3;Não;54;Preço alto comparado à concorrência.;Preço alto;Negativo
398;2026-05-19;Salvador;73;Telefone;2.0;2;3;Sim;41;;Sem comentário;Sem comentário
356;2026-05-06;Campinas;70;WhatsApp;3.0;2;4;Sim;38;Produto bom, mas a entrega atrasou.;Entrega atrasada;Negativo
108;2026-05-21;Porto Alegre;60;WhatsApp;4.0;3;5;Sim;70;Produto bom, mas a entrega atrasou.;Entrega atrasada;Negativo
9;2026-05-08;Curitiba;70;Chat;3.0;3;2;Sim;28;Ótima experiência do início ao fim.;Experiência excelente;Positivo
348;2026-04-09;Salvador;56;Telefone;3.0;4;3;Não;8;Poderia melhorar o prazo de resposta.;Prazo de resposta;Negativo
407;2026-04-07;Recife;60;Loja física;3.0;5;2;Não;90;Produto bom, mas a entrega atrasou.;Entrega atrasada;Negativo
394;2026-04-16;Porto Alegre;64;E-mail;3.0;3;5;Não;84;Demorou demais para me atenderem.;Demora no atendimento;Negativo
192;2026-04-28;Brasília;27;E-mail;4.0;5;1;Sim;29;Atendente foi educado mas não resolveu meu problema.;Resolução não concluída;Negativo
235;2026-05-10;Belo Horizonte;67;Chat;3.0;2;1;Não;58;Tudo certo.;Tudo certo;Neutro
22;2026-04-04;Recife;40;WhatsApp;2.0;3;5;Sim;84;;Sem comentário;Sem comentário
403;2026-05-24;Belo Horizonte;39;Chat;3.0;2;1;Sim;52;Atendimento excelente, resolveram rápido.;Resolução rápida;Positivo
273;2026-04-16;Porto Alegre;33;Loja física;4.0;5;3;Não;14;Produto bom, mas a entrega atrasou.;Entrega atrasada;Negativo
372;2026-04-19;Fortaleza;29;E-mail;4.0;4;3;Sim;6;Tudo certo.;Tudo certo;Neutro
340;2026-04-09;Recife;72;Loja física;3.0;3;4;Sim;13;Poderia melhorar o prazo de resposta.;Prazo de resposta;Negativo
79;2026-04-02;Porto Alegre;62;WhatsApp;5.0;5;1;Sim;74;Preço alto comparado à concorrência.;Preço alto;Negativo
47;2026-05-17;Recife;38;Chat;5.0;4;3;Sim;54;;Sem comentário;Sem comentário
373;2026-05-03;Belo Horizonte;;Chat;5.0;5;3;Sim;9;Demorou demais para me atenderem.;Demora no atendimento;Negativo
383;2026-05-09;Brasília;43;Telefone;3.0;2;5;Não;77;Poderia melhorar o prazo de resposta.;Prazo de resposta;Negativo
342;2026-04-21;Campinas;34;Telefone;5.0;5;4;Sim;83;Poderia melhorar o prazo de resposta.;Prazo de resposta;Negativo
389;2026-05-22;Campinas;56;Chat;5.0;5;5;Não;9;Atendente foi educado mas não resolveu meu problema.;Resolução não concluída;Negativo
220;2026-05-06;Fortaleza;48;Chat;4.0;4;3;Sim;8;Demorou demais para me atenderem.;Demora no atendimento;Negativo
384;2026-05-06;Brasília;40;E-mail;3.0;2;1;Não;96;Demorou demais para me atenderem.;Demora no atendimento;Negativo
136;2026-04-19;Brasília;;Loja física;4.0;3;3;Não;4;Ótima experiência do início ao fim.;Experiência excelente;Positivo
202;2026-05-07;São Paulo;36;Loja física;5.0;5;5;Sim;87;Poderia melhorar o prazo de resposta.;Prazo de resposta;Negativo
388;2026-04-09;Porto Alegre;61;Loja física;5.0;4;1;Sim;1;Não recomendo o suporte por telefone.;Suporte por telefone;Negativo
111;2026-05-27;São Paulo;54;Loja física;4.0;3;3;Não;30;Ótima experiência do início ao fim.;Experiência excelente;Positivo
64;2026-05-02;Rio de Janeiro;67;Telefone;2.0;2;4;Não;80;Produto bom, mas a entrega atrasou.;Entrega atrasada;Negativo
293;2026-04-21;Belo Horizonte;49;E-mail;3.0;3;3;Não;80;Atendimento excelente, resolveram rápido.;Resolução rápida;Positivo
93;2026-05-04;São Paulo;60;WhatsApp;4.0;4;3;Sim;67;Atendente foi educado mas não resolveu meu problema.;Resolução não concluída;Negativo
246;2026-05-07;Rio de Janeiro;46;Telefone;4.0;4;4;Sim;7;Preço alto comparado à concorrência.;Preço alto;Negativo
63;2026-05-15;Recife;35;Chat;4.0;4;2;Não;3;Não recomendo o suporte por telefone.;Suporte por telefone;Negativo
1;2026-04-21;Porto Alegre;33;E-mail;4.0;4;4;Sim;95;Não recomendo o suporte por telefone.;Suporte por telefone;Negativo
28;2026-04-02;Fortaleza;50;E-mail;;5;2;Não;11;Produto bom, mas a entrega atrasou.;Entrega atrasada;Negativo
401;2026-05-01;Curitiba;19;E-mail;4.0;4;3;Não;40;Produto bom, mas a entrega atrasou.;Entrega atrasada;Negativo
251;2026-05-01;Campinas;55;Chat;3.0;2;2;Não;30;Tudo certo.;Tudo certo;Neutro
178;2026-05-24;Salvador;29;WhatsApp;2.0;2;2;Não;11;Tudo certo.;Tudo certo;Neutro
188;2026-05-26;Curitiba;25;E-mail;5.0;5;3;Não;4;Atendente foi educado mas não resolveu meu problema.;Resolução não concluída;Negativo
149;2026-04-25;Fortaleza;47;Loja física;2.0;3;3;Não;83;;Sem comentário;Sem comentário
240;2026-04-24;Fortaleza;32;E-mail;4.0;4;3;Sim;18;Não recomendo o suporte por telefone.;Suporte por telefone;Negativo
385;2026-04-10;São Paulo;28;E-mail;3.0;2;5;Sim;29;;Sem comentário;Sem comentário
382;2026-04-06;São Paulo;33;WhatsApp;;4;3;Não;91;Muito satisfeito com a solução.;Solução satisfatória;Positivo
366;2026-04-12;Rio de Janeiro;;WhatsApp;4.0;4;1;Sim;27;Produto bom, mas a entrega atrasou.;Entrega atrasada;Negativo
159;2026-05-12;Curitiba;39;E-mail;5.0;5;4;Sim;20;Demorou demais para me atenderem.;Demora no atendimento;Negativo
144;2026-05-17;Recife;73;WhatsApp;;1;1;Não;74;Tudo certo.;Tudo certo;Neutro
274;2026-04-10;Salvador;;WhatsApp;5.0;5;5;Não;57;Atendente foi educado mas não resolveu meu problema.;Resolução não concluída;Negativo
60;2026-04-26;Curitiba;35;WhatsApp;;5;5;Não;86;;Sem comentário;Sem comentário
203;2026-04-10;Recife;26;Chat;3.0;2;1;Não;6;Tudo certo.;Tudo certo;Neutro
357;2026-04-06;Campinas;43;Telefone;3.0;3;3;Não;79;Muito satisfeito com a solução.;Solução satisfatória;Positivo
209;2026-05-19;São Paulo;56;Chat;5.0;5;2;Não;74;Muito satisfeito com a solução.;Solução satisfatória;Positivo
368;2026-04-09;Brasília;42;Chat;1.0;3;3;Não;6;Preço alto comparado à concorrência.;Preço alto;Negativo
150;2026-05-20;Salvador;27;Telefone;3.0;3;2;Sim;39;Preço alto comparado à concorrência.;Preço alto;Negativo
124;2026-04-03;Curitiba;70;Chat;3.0;3;4;Não;1;Preço alto comparado à concorrência.;Preço alto;Negativo
312;2026-05-04;Porto Alegre;26;E-mail;1.0;1;2;Sim;68;Ótima experiência do início ao fim.;Experiência excelente;Positivo
17;2026-05-24;Brasília;67;E-mail;4.0;3;3;Não;22;Preço alto comparado à concorrência.;Preço alto;Negativo
225;2026-05-28;Brasília;38;WhatsApp;3.0;3;1;Sim;18;Poderia melhorar o prazo de resposta.;Prazo de resposta;Negativo
386;2026-05-07;Recife;50;Telefone;5.0;4;5;Sim;83;Produto bom, mas a entrega atrasou.;Entrega atrasada;Negativo
230;2026-04-22;Fortaleza;51;Telefone;3.0;4;4;Sim;8;Não recomendo o suporte por telefone.;Suporte por telefone;Negativo
309;2026-04-22;Recife;58;E-mail;5.0;4;2;Sim;91;Demorou demais para me atenderem.;Demora no atendimento;Negativo
362;2026-05-01;Rio de Janeiro;22;E-mail;5.0;5;4;Sim;94;Demorou demais para me atenderem.;Demora no atendimento;Negativo
344;2026-04-16;Recife;29;E-mail;3.0;3;1;Não;36;Poderia melhorar o prazo de resposta.;Prazo de resposta;Negativo
98;2026-04-17;Porto Alegre;67;Chat;3.0;3;4;Não;35;Atendimento excelente, resolveram rápido.;Resolução rápida;Positivo
126;2026-04-12;Salvador;19;Chat;;4;3;Sim;54;Não recomendo o suporte por telefone.;Suporte por telefone;Negativo
62;2026-04-19;Recife;26;E-mail;;4;4;Não;42;Muito satisfeito com a solução.;Solução satisfatória;Positivo
82;2026-04-08;Recife;;Loja física;5.0;4;3;Não;49;Poderia melhorar o prazo de resposta.;Prazo de resposta;Negativo
247;2026-04-13;Curitiba;69;Loja física;5.0;5;1;Sim;43;Preço alto comparado à concorrência.;Preço alto;Negativo
325;2026-05-03;Campinas;58;WhatsApp;5.0;4;2;Não;8;Poderia melhorar o prazo de resposta.;Prazo de resposta;Negativo
57;2026-04-05;Recife;62;E-mail;4.0;3;2;Não;43;Não recomendo o suporte por telefone.;Suporte por telefone;Negativo
20;2026-04-08;São Paulo;32;Telefone;3.0;3;4;Sim;66;Muito satisfeito com a solução.;Solução satisfatória;Positivo
87;2026-04-09;São Paulo;28;Loja física;4.0;5;2;Não;37;Poderia melhorar o prazo de resposta.;Prazo de resposta;Negativo
327;2026-04-02;São Paulo;48;WhatsApp;2.0;3;4;Não;71;;Sem comentário;Sem comentário
138;2026-05-22;Belo Horizonte;65;Telefone;3.0;2;5;Sim;49;Tudo certo.;Tudo certo;Neutro
317;2026-04-21;Fortaleza;42;E-mail;4.0;4;3;Não;10;Não recomendo o suporte por telefone.;Suporte por telefone;Negativo
35;2026-05-05;Campinas;31;E-mail;3.0;2;3;Não;65;Poderia melhorar o prazo de resposta.;Prazo de resposta;Negativo
297;2026-04-04;Brasília;70;Loja física;4.0;5;4;Sim;93;Poderia melhorar o prazo de resposta.;Prazo de resposta;Negativo
139;2026-05-15;Salvador;37;Loja física;4.0;3;5;Sim;20;Produto bom, mas a entrega atrasou.;Entrega atrasada;Negativo
255;2026-04-08;Belo Horizonte;18;Loja física;5.0;5;4;Sim;80;;Sem comentário;Sem comentário
77;2026-04-04;Curitiba;65;Chat;3.0;4;2;Não;77;Preço alto comparado à concorrência.;Preço alto;Negativo
27;2026-05-23;Curitiba;36;Telefone;4.0;2;3;Não;8;Atendente foi educado mas não resolveu meu problema.;Resolução não concluída;Negativo
289;2026-04-04;Salvador;30;Telefone;3.0;3;3;Não;68;;Sem comentário;Sem comentário
44;2026-04-09;Campinas;45;Chat;3.0;2;3;Não;15;Tudo certo.;Tudo certo;Neutro
97;2026-05-17;Fortaleza;48;WhatsApp;4.0;4;3;Não;25;Ótima experiência do início ao fim.;Experiência excelente;Positivo
84;2026-04-21;Rio de Janeiro;28;E-mail;4.0;3;4;Sim;1;Tudo certo.;Tudo certo;Neutro
253;2026-05-24;Belo Horizonte;64;E-mail;4.0;4;2;Não;63;Produto bom, mas a entrega atrasou.;Entrega atrasada;Negativo
367;2026-05-21;Fortaleza;72;Chat;5.0;5;4;Não;63;;Sem comentário;Sem comentário
186;2026-04-07;Rio de Janeiro;46;WhatsApp;3.0;3;2;Sim;41;;Sem comentário;Sem comentário
74;2026-04-25;Fortaleza;59;WhatsApp;4.0;5;1;Sim;38;Muito satisfeito com a solução.;Solução satisfatória;Positivo
374;2026-05-13;Salvador;72;Loja física;5.0;5;4;Sim;90;Ótima experiência do início ao fim.;Experiência excelente;Positivo
249;2026-05-11;Fortaleza;52;Chat;4.0;3;3;Não;64;Poderia melhorar o prazo de resposta.;Prazo de resposta;Negativo
248;2026-04-01;Rio de Janeiro;65;E-mail;2.0;2;3;Não;31;Não recomendo o suporte por telefone.;Suporte por telefone;Negativo
234;2026-04-19;Recife;40;Loja física;4.0;4;4;Sim;61;Atendimento excelente, resolveram rápido.;Resolução rápida;Positivo
272;2026-05-05;Porto Alegre;49;Telefone;4.0;5;1;Não;54;Preço alto comparado à concorrência.;Preço alto;Negativo
137;2026-05-22;Belo Horizonte;35;Chat;4.0;4;4;Sim;19;Ótima experiência do início ao fim.;Experiência excelente;Positivo
296;2026-04-09;Porto Alegre;28;Loja física;5.0;5;3;Não;71;Não recomendo o suporte por telefone.;Suporte por telefone;Negativo
50;2026-05-03;Campinas;39;E-mail;2.0;2;3;Não;19;Atendimento excelente, resolveram rápido.;Resolução rápida;Positivo
208;2026-05-11;Campinas;37;Telefone;4.0;5;5;Sim;15;Tudo certo.;Tudo certo;Neutro
419;2026-05-16;Recife;27;Loja física;;4;5;Sim;21;Não recomendo o suporte por telefone.;Suporte por telefone;Negativo
417;2026-05-16;Recife;46;Telefone;4.0;3;3;Não;2;;Sem comentário;Sem comentário
133;2026-04-03;Recife;24;E-mail;2.0;3;3;Não;72;Atendente foi educado mas não resolveu meu problema.;Resolução não concluída;Negativo
51;2026-04-02;Campinas;72;WhatsApp;4.0;4;2;Sim;74;Muito satisfeito com a solução.;Solução satisfatória;Positivo
239;2026-04-08;Rio de Janeiro;56;WhatsApp;4.0;5;3;Sim;7;Muito satisfeito com a solução.;Solução satisfatória;Positivo
53;2026-05-06;Brasília;33;WhatsApp;5.0;5;2;Não;86;Não recomendo o suporte por telefone.;Suporte por telefone;Negativo
81;2026-05-13;Campinas;58;E-mail;3.0;3;4;Não;39;Demorou demais para me atenderem.;Demora no atendimento;Negativo
32;2026-04-20;Brasília;31;Chat;3.0;3;1;Não;9;Muito satisfeito com a solução.;Solução satisfatória;Positivo
122;2026-05-22;Salvador;21;Chat;4.0;5;3;Sim;59;Demorou demais para me atenderem.;Demora no atendimento;Negativo
212;2026-05-17;São Paulo;63;Loja física;3.0;2;1;Não;85;Poderia melhorar o prazo de resposta.;Prazo de resposta;Negativo
352;2026-04-10;São Paulo;23;E-mail;4.0;4;2;Sim;68;Poderia melhorar o prazo de resposta.;Prazo de resposta;Negativo
303;2026-05-25;Belo Horizonte;54;WhatsApp;2.0;3;4;Não;52;Não recomendo o suporte por telefone.;Suporte por telefone;Negativo
197;2026-04-15;São Paulo;28;WhatsApp;5.0;4;3;Sim;44;Ótima experiência do início ao fim.;Experiência excelente;Positivo
89;2026-04-20;Salvador;56;Telefone;4.0;3;5;Sim;74;Ótima experiência do início ao fim.;Experiência excelente;Positivo
326;2026-04-28;Belo Horizonte;34;Loja física;2.0;2;1;Não;66;Atendimento excelente, resolveram rápido.;Resolução rápida;Positivo
324;2026-05-17;Salvador;26;Telefone;2.0;2;2;Não;35;Não recomendo o suporte por telefone.;Suporte por telefone;Negativo
256;2026-05-22;Fortaleza;19;Loja física;3.0;3;5;Sim;3;Não recomendo o suporte por telefone.;Suporte por telefone;Negativo
381;2026-04-27;Belo Horizonte;22;Loja física;3.0;4;3;Não;73;Atendimento excelente, resolveram rápido.;Resolução rápida;Positivo
59;2026-05-28;São Paulo;40;WhatsApp;4.0;5;3;Não;69;Não recomendo o suporte por telefone.;Suporte por telefone;Negativo
34;2026-05-22;Rio de Janeiro;74;Chat;4.0;3;2;Sim;96;Não recomendo o suporte por telefone.;Suporte por telefone;Negativo
39;2026-04-07;Rio de Janeiro;40;WhatsApp;4.0;4;3;Sim;20;Muito satisfeito com a solução.;Solução satisfatória;Positivo
360;2026-04-24;Recife;46;E-mail;3.0;4;4;Não;49;Atendente foi educado mas não resolveu meu problema.;Resolução não concluída;Negativo
52;2026-05-23;Recife;33;Telefone;4.0;4;2;Sim;55;Muito satisfeito com a solução.;Solução satisfatória;Positivo
364;2026-04-14;Rio de Janeiro;39;E-mail;4.0;4;3;Não;93;Não recomendo o suporte por telefone.;Suporte por telefone;Negativo
261;2026-05-03;Salvador;54;Loja física;4.0;3;3;Sim;28;Ótima experiência do início ao fim.;Experiência excelente;Positivo
103;2026-05-03;Salvador;57;Telefone;5.0;5;4;Sim;69;Tudo certo.;Tudo certo;Neutro
196;2026-04-21;Brasília;36;WhatsApp;4.0;4;2;Sim;52;Preço alto comparado à concorrência.;Preço alto;Negativo
168;2026-05-25;Campinas;18;Telefone;5.0;4;4;Sim;71;Ótima experiência do início ao fim.;Experiência excelente;Positivo
294;2026-05-28;Fortaleza;26;WhatsApp;5.0;5;2;Não;84;Poderia melhorar o prazo de resposta.;Prazo de resposta;Negativo
117;2026-05-22;Recife;70;Telefone;3.0;3;3;Não;4;Ótima experiência do início ao fim.;Experiência excelente;Positivo
125;2026-04-28;Brasília;34;Telefone;5.0;5;5;Sim;17;Atendimento excelente, resolveram rápido.;Resolução rápida;Positivo
405;2026-04-26;Porto Alegre;67;Loja física;;4;3;Sim;85;Demorou demais para me atenderem.;Demora no atendimento;Negativo
219;2026-04-08;Recife;39;Telefone;5.0;5;3;Sim;1;Não recomendo o suporte por telefone.;Suporte por telefone;Negativo
288;2026-04-01;Campinas;45;Telefone;2.0;3;5;Não;9;Ótima experiência do início ao fim.;Experiência excelente;Positivo
320;2026-05-10;Recife;23;Loja física;4.0;4;4;Não;11;Preço alto comparado à concorrência.;Preço alto;Negativo
48;2026-04-13;Campinas;37;Loja física;5.0;4;3;Não;37;Muito satisfeito com a solução.;Solução satisfatória;Positivo
214;2026-05-21;Fortaleza;30;Chat;2.0;2;5;Não;37;Muito satisfeito com a solução.;Solução satisfatória;Positivo
96;2026-05-18;Curitiba;71;WhatsApp;2.0;2;4;Sim;64;Preço alto comparado à concorrência.;Preço alto;Negativo
163;2026-05-12;Porto Alegre;67;Loja física;3.0;2;5;Sim;26;Ótima experiência do início ao fim.;Experiência excelente;Positivo
264;2026-05-27;Brasília;39;E-mail;2.0;2;3;Sim;65;Atendente foi educado mas não resolveu meu problema.;Resolução não concluída;Negativo
361;2026-05-18;Fortaleza;68;E-mail;3.0;3;3;Sim;5;Preço alto comparado à concorrência.;Preço alto;Negativo
76;2026-05-11;Fortaleza;35;Chat;5.0;5;2;Sim;25;Atendente foi educado mas não resolveu meu problema.;Resolução não concluída;Negativo
300;2026-05-28;Campinas;26;E-mail;4.0;5;2;Não;45;Não recomendo o suporte por telefone.;Suporte por telefone;Negativo
23;2026-04-04;Salvador;69;E-mail;4.0;5;3;Não;58;Produto bom, mas a entrega atrasou.;Entrega atrasada;Negativo
73;2026-05-09;São Paulo;51;Telefone;3.0;3;2;Não;63;Não recomendo o suporte por telefone.;Suporte por telefone;Negativo
16;2026-05-11;Rio de Janeiro;41;E-mail;;3;4;Não;11;Demorou demais para me atenderem.;Demora no atendimento;Negativo
169;2026-05-17;Porto Alegre;33;Telefone;;3;2;Não;82;Ótima experiência do início ao fim.;Experiência excelente;Positivo
